{"schemaVersion":"1.0","appDefinitionTemplate":{"id":"/providers/Microsoft.PowerApps/apps/","type":"Microsoft.PowerApps/apps","tags":{"primaryDeviceWidth":"1366","primaryDeviceHeight":"768","sienaVersion":"20220131T030538Z-3.21124.16.0","deviceCapabilities":"webcam","supportsPortrait":"true","supportsLandscape":"true","primaryFormFactor":"Tablet","publisherVersion":"3.21124.16","minimumRequiredApiVersion":"2.2.0","hasComponent":"true","hasUnlockedComponent":"true","isUnifiedRootApp":"false"},"properties":{"appVersion":"2022-01-31T03:05:38Z","lifeCycleId":"Published","createdByClientVersion":{"major":3,"minor":21124,"build":16,"revision":0,"majorRevision":0,"minorRevision":0},"minClientVersion":{"major":3,"minor":21124,"build":16,"revision":0,"majorRevision":0,"minorRevision":0},"backgroundColor":"RGBA(0,176,240,1)","backgroundImageUri":"/13021854629297759152/N2fd875dc-a691-4967-b107-1bfd54a933d2-logoSmallFile","displayName":"Project One","description":"","commitMessage":"","appUris":{"documentUri":{"value":"/13021854629297759152/Ne7479175-b1ce-4695-8904-65b3f5161f54-document.msapp"},"imageUris":[]},"createdTime":"0001-01-01T00:00:00Z","lastModifiedTime":"0001-01-01T00:00:00Z","sharedGroupsCount":0,"sharedUsersCount":0,"icons":{"smallIconUri":"/13021854629297759152/N64b85adc-0467-48f5-aa0f-7ca999b5c327-small.png","mediumIconUri":"/13021854629297759152/N8e202e4a-d666-4c43-845f-5f31f3900dae-medium.png","largeIconUri":"/13021854629297759152/N1a6bc4cc-2865-4ada-b52c-42f1b1585649-large.png","wideIconUri":"/13021854629297759152/Ndfc78ecb-5853-466f-9e8f-5583cceb1668-wide.png"},"connectionReferences":{"ba024be6-3fd4-4609-803c-f0f203f19630":{"id":"19fbfe68-c6d4-476a-b110-16b70b945fa8","displayName":"Office 365 Outlook","iconUri":"https://connectoricons-prod.azureedge.net/releases/v1.0.1538/1.0.1538.2621/office365/icon.png","dataSources":["Office365Outlook"],"dependencies":[],"dependents":[],"parameterHints":{},"parameterHintsV2":{},"isOnPremiseConnection":false,"bypassConsent":false,"dataSets":{},"apiTier":"Standard","isCustomApiConnection":false,"actions":["SendEmail"]},"0af01fb0-757a-4257-99a3-08a66514a013":{"id":"8e183e05-5024-4a72-8edc-db50c96e9744","displayName":"SharePoint","iconUri":"https://connectoricons-prod.azureedge.net/releases/v1.0.1546/1.0.1546.2667/sharepointonline/icon.png","dataSources":["Tamashii_Robotics_list","Time_off_Request","Departments_and_Positions"],"dependencies":[],"dependents":[],"parameterHints":{},"parameterHintsV2":{},"isOnPremiseConnection":false,"bypassConsent":false,"dataSets":{"https://revature965.sharepoint.com/sites/Blast":{"dataSources":{"Tamashii_Robotics_list":{"tableName":"a24758aa-3024-42d5-a2a9-3577ceb6f341"},"Time_off_Request":{"tableName":"0edc0c80-720f-4a1b-9fda-8d578965b985"},"Departments_and_Positions":{"tableName":"fce58d38-1ad7-41bf-98e2-b5228a3cb65b"}}}},"apiTier":"Standard","isCustomApiConnection":false,"actions":["providers/PowerPlatform.Governance/Operations/Read"]},"d2958ea9-de95-44a0-82f2-b8980fdb848c":{"id":"10ce26a7-d0eb-419c-a22b-f7063315c17e","displayName":"Office 365 Users","iconUri":"https://connectoricons-prod.azureedge.net/releases/v1.0.1528/1.0.1528.2589/office365users/icon.png","dataSources":["Office365Users"],"dependencies":[],"dependents":[],"parameterHints":{},"parameterHintsV2":{},"isOnPremiseConnection":false,"bypassConsent":false,"dataSets":{},"apiTier":"Standard","isCustomApiConnection":false}},"databaseReferences":{},"almMode":"Environment","performanceOptimizationEnabled":true,"canConsumeAppPass":true,"executionRestrictions":{"isTeamsOnly":false,"dataLossPreventionEvaluationResult":{"status":"Compliant","lastEvaluationDate":"2022-01-19T21:56:21.64546Z","violations":[],"violationsByPolicy":[],"violationErrorMessage":"The app uses the following connectors: ."}}},"appType":"ClassicCanvasApp","appComponents":[]}}